{"cameraMode":{"drawMode":0,"name":"Shaded","section":"Shading Mode"},"sceneLighting":true,"audioPlay":false,"sceneViewState":{"showFog":false,"showMaterialUpdate":false,"showSkybox":false,"showFlares":false,"showImageEffects":false,"showParticleSystems":false},"in2DMode":false,"pivot":{"x":0.3033008575439453,"y":-1.5152859687805176,"z":16.00058937072754},"rotation":{"x":0.0907413586974144,"y":-0.031071940436959268,"z":0.0028321724385023119,"w":0.99539715051651},"size":22.0,"orthographic":false}