{"cameraMode":{"drawMode":0,"name":"Shaded","section":"Shading Mode"},"sceneLighting":true,"audioPlay":false,"sceneViewState":{"showFog":false,"showMaterialUpdate":false,"showSkybox":false,"showFlares":false,"showImageEffects":false,"showParticleSystems":false},"in2DMode":false,"pivot":{"x":-19.157787322998048,"y":-1.0110764503479005,"z":4.7528581619262699},"rotation":{"x":0.047902557998895648,"y":-0.419468492269516,"z":0.022172629833221437,"w":0.9062345623970032},"size":22.0,"orthographic":false}